<!--
 goodsType 1:游戏币 2:5币
 goods:数量
 attach_chip:首冲赠送游戏币
 attach_5b:首冲赠送5币
 

 -->
<DataList>
  <item product_id="5b_1"  goodsType="2"   goods="20"      price="2"     attach_chip="0"   attach_5b="0"  productname="515游戏-20五币"/>
  <item product_id="5b_2"  goodsType="2"   goods="100"     price="10"    attach_chip="0"   attach_5b="0"  productname="515游戏-100五币"/>
  <item product_id="5b_3"  goodsType="2"   goods="300"     price="30"    attach_chip="0"   attach_5b="0"  productname="515游戏-300五币"/>
  <item product_id="5b_4"  goodsType="2"   goods="500"     price="50"    attach_chip="0"   attach_5b="0"  productname="515游戏-500五币"/>
  <item product_id="5b_5"  goodsType="2"   goods="1000"    price="100"   attach_chip="0"   attach_5b="0"  productname="515游戏-1000五币"/>
  <item product_id="5b_6"  goodsType="2"   goods="5000"    price="500"   attach_chip="0"   attach_5b="0"  productname="515游戏-5000五币"/>
  <item product_id="5b_7"  goodsType="2"   goods="3000"    price="300"   attach_chip="0"   attach_5b="0"  productname="515游戏-3000五币"/>
  <item product_id="5b_8"  goodsType="2"   goods="10000"   price="1000"  attach_chip="0"   attach_5b="0"  productname="515游戏-10000五币"/>

  <item product_id="Chip_1"  goodsType="1"   goods="20000"      price="2"     attach_chip="0"   attach_5b="0"  productname="515游戏-20000游戏币"/>
  <item product_id="Chip_2"  goodsType="1"   goods="100000"     price="10"    attach_chip="0"   attach_5b="0"  productname="515游戏-100000游戏币"/>
  <item product_id="Chip_3"  goodsType="1"   goods="300000"     price="30"    attach_chip="0"   attach_5b="0"  productname="515游戏-300000游戏币"/>
  <item product_id="Chip_4"  goodsType="1"   goods="500000"     price="50"    attach_chip="0"   attach_5b="0"  productname="515游戏-500000游戏币"/>
  <item product_id="Chip_5"  goodsType="1"   goods="1000000"    price="100"   attach_chip="0"   attach_5b="0"  productname="515游戏-1000000游戏币"/>
  <item product_id="Chip_6"  goodsType="1"   goods="5000000"    price="500"   attach_chip="0"   attach_5b="0"  productname="515游戏-5000000游戏币"/>
  <item product_id="Chip_7"  goodsType="1"   goods="10000000"   price="1000"  attach_chip="0"   attach_5b="0"  productname="515游戏-10000000游戏币"/>

  <item product_id="firstCharge_1"  goodsType="1"   goods="10000"    price="1"   attach_chip="8000"     attach_5b="0"   productname="515游戏-10000游戏币"/>
  <item product_id="firstCharge_2"  goodsType="1"   goods="60000"    price="6"   attach_chip="48000"    attach_5b="8"   productname="515游戏-60000游戏币"/>
  <item product_id="firstCharge_3"  goodsType="1"   goods="300000"   price="30"  attach_chip="288000"   attach_5b="18"  productname="515游戏-300000游戏币"/>
  <item product_id="firstCharge_4"  goodsType="1"   goods="680000"   price="68"  attach_chip="680000"   attach_5b="38"  productname="515游戏-680000游戏币"/>
</DataList>