﻿<?xml version="1.0" encoding="utf-8" ?>
<configuration>
  <configSections>
    <section name="log4net" type="System.Configuration.IgnoreSectionHandler"/>
  </configSections>
  <log4net>
    <root>
      <appender-ref ref="RollingLogFileAppender" />
    </root>
    <!--<appender name="LogFileAppender" type="log4net.Appender.RollingFileAppender">
      <file value="r:/log4netfile.txt" />
      <appendToFile value="true" />
      <rollingStyle value="Date" />
      <LockingModel type="log4net.Appender.FileAppender+MinimalLock, log4net"/>
      <datePattern value="yyyyMMdd-HH:mm:ss" />
      <layout type="log4net.Layout.PatternLayout">
        <param name="ConversionPattern" value="%d [%t] %-5p %c [%x] %X{auth} - Line:%L %m%n" />
      </layout>
    </appender>-->

    <!--错误日志-->
    <appender name="RollingLogFileAppender" type="log4net.Appender.RollingFileAppender">
      <file value="log\\LogError\\"/>
      <appendToFile value="true"/>
      <rollingStyle value="Date"/>
      <datePattern value="yyyyMMdd'.txt'"/>
      <LockingModel type="log4net.Appender.FileAppender+MinimalLock, log4net"/>
      <staticLogFileName value="false"/>
      <param name="MaxSizeRollBackups" value="100"/>
      <layout type="log4net.Layout.PatternLayout">
        <!--每条日志末尾的文字说明-->
        <!--输出格式-->
        <!--样例：2008-03-26 13:42:32,111 [10] INFO  Log4NetDemo.MainClass [(null)] - info-->
        <conversionPattern value="%newline %n记录时间：%date  线程ID:[%thread]  日志级别：%-5level %n错误描述：%message%newline"/>
      </layout>
    </appender>
    <!--<appender name="LogFileAppender" type="log4net.Appender.FileAppender" >
      <param name="File" value="log4netfile.log" />
      <param name="AppendToFile" value="true" />
      <layout type="log4net.Layout.PatternLayout">
        <param name="ConversionPattern" value="%d [%t] %-5p %c [%x] - %m%n" />
      </layout>
    </appender>-->
  </log4net>
</configuration>